--Mapa
insert into tb_mapa(nome) values ('Gotham');
insert into tb_mapa(nome) values ('Metropoles');
insert into tb_mapa(nome) values ('Atlantis');
insert into tb_mapa(nome) values ('Central City');
insert into tb_mapa(nome) values ('Gateway City');

--Regiao
insert into tb_regiao(nome, posicao_x, posicao_y, id_localmapa) values ('Arkham city', '0', '0', '1');
insert into tb_regiao(nome, posicao_x, posicao_y, id_localmapa) values ('Arkham city', '0', '1', '1');
insert into tb_regiao(nome, posicao_x, posicao_y, id_localmapa) values ('Arkham city', '0', '2', '1');
insert into tb_regiao(nome, posicao_x, posicao_y, id_localmapa) values ('Arkham city', '0', '3', '1');
insert into tb_regiao(nome, posicao_x, posicao_y, id_localmapa) values ('Arkham city', '0', '4', '1');
insert into tb_regiao(nome, posicao_x, posicao_y, id_localmapa) values ('Arkham city', '1', '0', '1');
insert into tb_regiao(nome, posicao_x, posicao_y, id_localmapa) values ('Arkham city', '1', '1', '1');
insert into tb_regiao(nome, posicao_x, posicao_y, id_localmapa) values ('Arkham city', '1', '2', '1');
insert into tb_regiao(nome, posicao_x, posicao_y, id_localmapa) values ('Arkham city', '1', '3', '1');
insert into tb_regiao(nome, posicao_x, posicao_y, id_localmapa) values ('Arkham city', '1', '4', '1');
insert into tb_regiao(nome, posicao_x, posicao_y, id_localmapa) values ('Arkham city', '2', '0', '1');
insert into tb_regiao(nome, posicao_x, posicao_y, id_localmapa) values ('Arkham city', '2', '1', '1');
insert into tb_regiao(nome, posicao_x, posicao_y, id_localmapa) values ('Arkham city', '2', '2', '1');
insert into tb_regiao(nome, posicao_x, posicao_y, id_localmapa) values ('Arkham city', '2', '3', '1');
insert into tb_regiao(nome, posicao_x, posicao_y, id_localmapa) values ('Arkham city', '2', '4', '1');
insert into tb_regiao(nome, posicao_x, posicao_y, id_localmapa) values ('Arkham city', '3', '0', '1');
insert into tb_regiao(nome, posicao_x, posicao_y, id_localmapa) values ('Arkham city', '3', '1', '1');
insert into tb_regiao(nome, posicao_x, posicao_y, id_localmapa) values ('Arkham city', '3', '2', '1');
insert into tb_regiao(nome, posicao_x, posicao_y, id_localmapa) values ('Arkham city', '3', '3', '1');
insert into tb_regiao(nome, posicao_x, posicao_y, id_localmapa) values ('Arkham city', '3', '4', '1');
insert into tb_regiao(nome, posicao_x, posicao_y, id_localmapa) values ('Arkham city', '4', '0', '1');
insert into tb_regiao(nome, posicao_x, posicao_y, id_localmapa) values ('Arkham city', '4', '1', '1');
insert into tb_regiao(nome, posicao_x, posicao_y, id_localmapa) values ('Arkham city', '4', '2', '1');
insert into tb_regiao(nome, posicao_x, posicao_y, id_localmapa) values ('Arkham city', '4', '3', '1');
insert into tb_regiao(nome, posicao_x, posicao_y, id_localmapa) values ('Arkham city', '4', '4', '1');

insert into tb_regiao(nome, posicao_x, posicao_y, id_localmapa) values ('QG da liga', '0', '0', '2');
insert into tb_regiao(nome, posicao_x, posicao_y, id_localmapa) values ('QG da liga', '0', '1', '2');
insert into tb_regiao(nome, posicao_x, posicao_y, id_localmapa) values ('QG da liga', '0', '2', '2');
insert into tb_regiao(nome, posicao_x, posicao_y, id_localmapa) values ('QG da liga', '0', '3', '2');
insert into tb_regiao(nome, posicao_x, posicao_y, id_localmapa) values ('QG da liga', '0', '4', '2');
insert into tb_regiao(nome, posicao_x, posicao_y, id_localmapa) values ('QG da liga', '1', '0', '2');
insert into tb_regiao(nome, posicao_x, posicao_y, id_localmapa) values ('QG da liga', '1', '1', '2');
insert into tb_regiao(nome, posicao_x, posicao_y, id_localmapa) values ('QG da liga', '1', '2', '2');
insert into tb_regiao(nome, posicao_x, posicao_y, id_localmapa) values ('QG da liga', '1', '3', '2');
insert into tb_regiao(nome, posicao_x, posicao_y, id_localmapa) values ('QG da liga', '1', '4', '2');
insert into tb_regiao(nome, posicao_x, posicao_y, id_localmapa) values ('QG da liga', '2', '0', '2');
insert into tb_regiao(nome, posicao_x, posicao_y, id_localmapa) values ('QG da liga', '2', '1', '2');
insert into tb_regiao(nome, posicao_x, posicao_y, id_localmapa) values ('QG da liga', '2', '2', '2');
insert into tb_regiao(nome, posicao_x, posicao_y, id_localmapa) values ('QG da liga', '2', '3', '2');
insert into tb_regiao(nome, posicao_x, posicao_y, id_localmapa) values ('QG da liga', '2', '4', '2');
insert into tb_regiao(nome, posicao_x, posicao_y, id_localmapa) values ('QG da liga', '3', '0', '2');
insert into tb_regiao(nome, posicao_x, posicao_y, id_localmapa) values ('QG da liga', '3', '1', '2');
insert into tb_regiao(nome, posicao_x, posicao_y, id_localmapa) values ('QG da liga', '3', '2', '2');
insert into tb_regiao(nome, posicao_x, posicao_y, id_localmapa) values ('QG da liga', '3', '3', '2');
insert into tb_regiao(nome, posicao_x, posicao_y, id_localmapa) values ('QG da liga', '3', '4', '2');
insert into tb_regiao(nome, posicao_x, posicao_y, id_localmapa) values ('QG da liga', '4', '0', '2');
insert into tb_regiao(nome, posicao_x, posicao_y, id_localmapa) values ('QG da liga', '4', '1', '2');
insert into tb_regiao(nome, posicao_x, posicao_y, id_localmapa) values ('QG da liga', '4', '2', '2');
insert into tb_regiao(nome, posicao_x, posicao_y, id_localmapa) values ('QG da liga', '4', '3', '2');
insert into tb_regiao(nome, posicao_x, posicao_y, id_localmapa) values ('QG da liga', '4', '4', '2'); 


-- Item
insert into tb_item(nome, descricao, valor, min_level) values ('Espada','Arma branca constituída por uma longa lâmina de aço', 40, 3);
insert into tb_item(nome, descricao, valor, min_level) values ('Pistola','Arma de fogo portátil', 60, 2);
insert into tb_item(nome, descricao, valor, min_level) values ('Bastão Longo','Arma branca muito utilizada por lutadores de artes marciais', 20, 1);
insert into tb_item(nome, descricao, valor, min_level) values ('Tridente','Arma branca de três pontas originada de atlântida', 0, 6);
insert into tb_item(nome, descricao, valor, min_level) values ('Arco e flecha','Arma de longo alcance', 15, 1);
insert into tb_item(nome, descricao, valor, min_level) values ('Soco inglês','Arma branca utilizada para aumentar o poder do seu soco', 10, 1);
insert into tb_item(nome, descricao, valor, min_level) values ('Capacete de combate','proteção na cabeça utilizada por soldados', 15, 2);
insert into tb_item(nome, descricao, valor, min_level) values ('Colete Balístico','proteção no tronco para evitar tiros', 15, 1);
insert into tb_item(nome, descricao, valor, min_level) values ('Armadura completa balística','Roupa completa feita de um tecido aprova de balas', 70, 4);
insert into tb_item(nome, descricao, valor, min_level) values ('Amvabraço de Titânio ','Proteção da parte inferior do antebraço', 40, 1);
insert into tb_item(nome, descricao, valor, min_level) values ('Joelheira comum','Proteção dos joelhos, muito utilizada para evitar quedas', 5, 1);
insert into tb_item(nome, descricao, valor, min_level) values ('Capa usada do Batman','Capa utilizada pelo cavaleiro das trevas no seu antigo uniforme', 50, 1);
insert into tb_item(nome, descricao, valor, min_level) values ('Capa usada do Superman','Capa utilizada pelo Superman no seu antigo uniforme', 80, 1);
insert into tb_item(nome, descricao, valor, min_level) values ('Braceletes usados da Mulher-maravilha','Bracelete utilizado pela heroína no seu antigo uniforme', 60, 1);
insert into tb_item(nome, descricao, valor, min_level) values ('Máscara capanga coringa','Adereço utilizado pela gangue do coringa para assutar os cidadãos', 10, 1);
insert into tb_item(nome, descricao, valor, min_level) values ('Cartola mágica','Chapéu encantado por Magias desconhecidas', 100, 3);
insert into tb_item(nome, descricao, valor, min_level) values ('Poção de vida','Mistura de ingredientes que aumentam a vida de quem tomar', 10, 1);
insert into tb_item(nome, descricao, valor, min_level) values ('Tônico','aumenta sua stamina', 10, 1);
insert into tb_item(nome, descricao, valor, min_level) values ('Injeção de andrenalina','aumenta sua stamina', 30, 2); 
insert into tb_item(nome, descricao, valor, min_level) values ('Poção mágica','Mistura de ingredientes que aumentam o poder mágico de quem tomar', 50, 1);
insert into tb_item(nome, descricao, valor, min_level) values ('Band-aid','curativo para ferimentos', 3, 1);

-- Equipamento
insert into tb_item_equipamento(id_item, nome, descricao, valor, min_level, tipo) values (1, 'Espada','Arma branca constituída por uma longa lâmina de aço', 40, 3, 'Arma');
insert into tb_item_equipamento(id_item, nome, descricao, valor, min_level, tipo) values (2, 'Pistola','Arma de fogo portátil', 60, 2, 'Arma');
insert into tb_item_equipamento(id_item, nome, descricao, valor, min_level, tipo) values (3, 'Bastão Longo','Arma branca muito utilizada por lutadores de artes marciais', 20, 1, 'Arma');
insert into tb_item_equipamento(id_item, nome, descricao, valor, min_level, tipo) values (4, 'Tridente','Arma branca de três pontas originada de atlântida', 0, 6, 'Arma');
insert into tb_item_equipamento(id_item, nome, descricao, valor, min_level, tipo) values (5, 'Arco e flecha','Arma de longo alcance', 15, 1, 'Arma');
insert into tb_item_equipamento(id_item, nome, descricao, valor, min_level, tipo) values (6, 'Soco inglês','Arma branca utilizada para aumentar o poder do seu soco', 10, 1, 'Arma');
insert into tb_item_equipamento(id_item, nome, descricao, valor, min_level, tipo) values (7, 'Capacete de combate','proteção na cabeça utilizada por soldados', 15, 2, 'Armadura');
insert into tb_item_equipamento(id_item, nome, descricao, valor, min_level, tipo) values (8, 'Colete Balístico','proteção no tronco para evitar tiros', 15, 1, 'Armadura');
insert into tb_item_equipamento(id_item, nome, descricao, valor, min_level, tipo) values (9, 'Armadura completa balística','Roupa completa feita de um tecido aprova de balas', 70, 4, 'Armadura');
insert into tb_item_equipamento(id_item, nome, descricao, valor, min_level, tipo) values (10, 'Amvabraço de Titânio ','Proteção da parte inferior do antebraço', 40, 1, 'Armadura');
insert into tb_item_equipamento(id_item, nome, descricao, valor, min_level, tipo) values (11, 'Joelheira comum','Proteção dos joelhos, muito utilizada para evitar quedas', 5, 1, 'Armadura');
insert into tb_item_equipamento(id_item, nome, descricao, valor, min_level, tipo) values (12, 'Capa usada do Batman','Capa utilizada pelo cavaleiro das trevas no seu antigo uniforme', 50, 1, 'Acessorio');
insert into tb_item_equipamento(id_item, nome, descricao, valor, min_level, tipo) values (13, 'Capa usada do Superman','Capa utilizada pelo Superman no seu antigo uniforme', 80, 1, 'Acessorio');
insert into tb_item_equipamento(id_item, nome, descricao, valor, min_level, tipo) values (14, 'Braceletes usados da Mulher-maravilha','Bracelete utilizado pela heroína no seu antigo uniforme', 60, 1, 'Acessorio');
insert into tb_item_equipamento(id_item, nome, descricao, valor, min_level, tipo) values (15, 'Máscara capanga coringa','Adereço utilizado pela gangue do coringa para assutar os cidadãos', 10, 1, 'Acessorio');
insert into tb_item_equipamento(id_item, nome, descricao, valor, min_level, tipo) values (16, 'Cartola mágica','Chapéu encantado por Magias desconhecidas', 100, 3, 'Acessorio');

-- Consumivel
insert into tb_item_consumivel(id_item, nome,  descricao, valor, min_level, MULT_ataque, MULT_poder, MULT_qtd_PontosDeVida, MULT_qtd_PonstosDeStamina) values (17, 'Poção de vida','Mistura de ingredientes que aumentam a vida de quem tomar', 10, 1, 0, 0, 2, 0);
insert into tb_item_consumivel(id_item, nome,  descricao, valor, min_level, MULT_ataque, MULT_poder, MULT_qtd_PontosDeVida, MULT_qtd_PonstosDeStamina) values (18, 'Tônico','aumenta sua stamina', 10, 1, 0, 0, 0, 2);
insert into tb_item_consumivel(id_item, nome,  descricao, valor, min_level, MULT_ataque, MULT_poder, MULT_qtd_PontosDeVida, MULT_qtd_PonstosDeStamina) values (19, 'Injeção de andrenalina','aumenta sua stamina', 30, 2, 2, 4, -1, 0);
insert into tb_item_consumivel(id_item, nome,  descricao, valor, min_level, MULT_ataque, MULT_poder, MULT_qtd_PontosDeVida, MULT_qtd_PonstosDeStamina) values (20, 'Poção mágica','Mistura de ingredientes que aumentam o poder mágico de quem tomar', 50, 1, 0, 4, 0, 0);
insert into tb_item_consumivel(id_item, nome,  descricao, valor, min_level, MULT_ataque, MULT_poder, MULT_qtd_PontosDeVida, MULT_qtd_PonstosDeStamina) values (21, 'Band-aid','curativo para ferimentos', 3, 1, 0, 0, 2, 0);

-- Arma
insert into tb_item_equipamento_arma(id_equipamento, nome, descricao, valor, min_level, tipo, MULT_ataque) values (1, 'Espada','Arma branca constituída por uma longa lâmina de aço', 40, 3, 'Arma', 4);
insert into tb_item_equipamento_arma(id_equipamento, nome, descricao, valor, min_level, tipo, MULT_ataque) Values (2, 'Pistola','Arma de fogo portátil', 60, 2, 'Arma', 5);
insert into tb_item_equipamento_arma(id_equipamento, nome, descricao, valor, min_level, tipo, MULT_ataque) values (3, 'Bastão Longo','Arma branca muito utilizada por lutadores de artes marciais', 20, 1, 'Arma', 3);
insert into tb_item_equipamento_arma(id_equipamento, nome, descricao, valor, min_level, tipo, MULT_ataque) values (4, 'Tridente','Arma branca de três pontas originada de atlântida', 0, 6, 'Arma', 9);
insert into tb_item_equipamento_arma(id_equipamento, nome, descricao, valor, min_level, tipo, MULT_ataque) values (5, 'Arco e flecha','Arma de longo alcance', 15, 1, 'Arma', 2); 
insert into tb_item_equipamento_arma(id_equipamento, nome, descricao, valor, min_level, tipo, MULT_ataque) values (6, 'Soco inglês','Arma branca utilizada para aumentar o poder do seu soco', 10, 1, 'Arma', 1);

-- Armadura
insert into tb_item_equipamento_armadura(id_equipamento, nome, descricao, valor, min_level, tipo, MULT_defesa) values (7, 'Capacete de combate','proteção na cabeça utilizada por soldados', 15, 2, 'Armadura', 2);
insert into tb_item_equipamento_armadura(id_equipamento, nome, descricao, valor, min_level, tipo, MULT_defesa) values (8, 'Colete Balístico','proteção no tronco para evitar tiros', 15, 1, 'Armadura', 3);
insert into tb_item_equipamento_armadura(id_equipamento, nome, descricao, valor, min_level, tipo, MULT_defesa) values (9, 'Armadura completa balística','Roupa completa feita de um tecido aprova de balas', 70, 4, 'Armadura', 6);
insert into tb_item_equipamento_armadura(id_equipamento, nome, descricao, valor, min_level, tipo, MULT_defesa) values (10, 'Amvabraço de Titânio ','Proteção da parte inferior do antebraço', 40, 1, 'Armadura', 2);
insert into tb_item_equipamento_armadura(id_equipamento, nome, descricao, valor, min_level, tipo, MULT_defesa) values (11, 'Joelheira comum','Proteção dos joelhos, muito utilizada para evitar quedas', 5, 1, 'Armadura', 1);

--Acessorio
insert into tb_item_equipamento_acessorio(id_equipamento, nome, descricao, valor, min_level, tipo, MULT_Poder)  values (12, 'Capa usada do Batman','Capa utilizada pelo cavaleiro das trevas no seu antigo uniforme', 50, 1, 'Acessorio', 5);
insert into tb_item_equipamento_acessorio(id_equipamento, nome, descricao, valor, min_level, tipo, MULT_Poder)  values (13, 'Capa usada do Superman','Capa utilizada pelo Superman no seu antigo uniforme', 80, 1, 'Acessorio', 2); 
insert into tb_item_equipamento_acessorio(id_equipamento, nome, descricao, valor, min_level, tipo, MULT_Poder)  values (14, 'Braceletes usados da Mulher-maravilha','Bracelete utilizado pela heroína no seu antigo uniforme', 60, 1, 'Acessorio', 3);
insert into tb_item_equipamento_acessorio(id_equipamento, nome, descricao, valor, min_level, tipo, MULT_Poder)  values (15, 'Máscara capanga coringa','Adereço utilizado pela gangue do coringa para assutar os cidadãos', 10, 1, 'Acessorio', 1); 
insert into tb_item_equipamento_acessorio(id_equipamento, nome, descricao, valor, min_level, tipo, MULT_Poder)  values (16, 'Cartola mágica','Chapéu encantado por Magias desconhecidas', 100, 3, 'Acessorio', 8);

--poder 
insert into tb_poderes(Velocidade, Furtividade, Magia, Forca, Carisma, Percepcao) values ('4', '2', '3', '2', '7', '4');
insert into tb_poderes(Velocidade, Furtividade, Magia, Forca, Carisma, Percepcao) values ('3', '1', '6', '4', '2', '3');
insert into tb_poderes(Velocidade, Furtividade, Magia, Forca, Carisma, Percepcao) values ('2', '8', '1', '6', '5', '4');
insert into tb_poderes(Velocidade, Furtividade, Magia, Forca, Carisma, Percepcao) values ('1', '4', '5', '8', '2', '4');
insert into tb_poderes(Velocidade, Furtividade, Magia, Forca, Carisma, Percepcao) values ('3', '2', '6', '5', '4', '3'); 

--npc
insert into tb_npc(nome, id_regiao) values ('Flash', 26);
insert into tb_npc(nome, id_regiao) values ('Batman', 27);
insert into tb_npc(nome, id_regiao) values ('Aquaman', 28);
insert into tb_npc(nome, id_regiao) values ('Robin', 29);
insert into tb_npc(nome, id_regiao) values ('Arqueiro Verde', 30);
insert into tb_npc(nome, id_regiao) values ('Arlequina', 1); 
insert into tb_npc(nome, id_regiao) values ('Coringa', 2);
insert into tb_npc(nome, id_regiao) values ('Lex Luthor', 3);   

--npc ajudante
insert into tb_npc_ajudante(id_npc, nome, vida, dano) values (4, 'Robin',  50, 5);
insert into tb_npc_ajudante(id_npc, nome, vida, dano) values (5, 'Arqueiro Verde',  50, 5);

--npc mentor 
insert into tb_npc_mentor(id_npc, nome, MULT_poder) values (1, 'Flash', 2);
insert into tb_npc_mentor(id_npc, nome, MULT_poder) values (2, 'Batman', 2);
insert into tb_npc_mentor(id_npc, nome, MULT_poder) values (3, 'Aquaman', 2);

--npc inimigo
insert into tb_npc_inimigo(id_npc, nome, vida, dano) values (6, 'Arlequina', 100, 10);
insert into tb_npc_inimigo(id_npc, nome, vida, dano) values (7, 'Coringa', 150, 15);
insert into tb_npc_inimigo(id_npc, nome, vida, dano) values (8, 'Lex Luthor', 100, 10);

--Raca
insert into tb_raca(nome) values('Humano');
insert into tb_raca(nome) values('Homi Magi');
insert into tb_raca(nome) values('Amazonas');
insert into tb_raca(nome) values('Atlante');
insert into tb_raca(nome) values('Alien');

--raca humano
insert into tb_raca_humano(IND_carisma, IND_percepcao, IND_furtividade, id_raca, nome) values (7, 3, 2, 1, 'Indigena');
--raca homi magi 
insert into tb_raca_homi_magi(IND_magia, IND_percepcao, IND_velocidade, id_raca, nome) values (4, 2, 6, 2, 'Mago');
--raca atlante
insert into tb_raca_atlante(IND_forca, IND_furtividade, IND_velocidade, id_raca, id_personagem, nome) values (1, 2, 2, 4, 4, 'Atlante');
--raca amazonas
insert into tb_raca_amazonas(IND_forca, IND_carisma, IND_velocidade, id_raca, nome) values (3, 4, 4, 3, 'Amazonas'); 
--raca alien
insert into tb_raca_alien(IND_forca, IND_percepcao, IND_velocidade, id_raca, nome) values (6, 6, 6, 5, 'Kripton'); 

--faccao (duvida)
insert into tb_faccao(nome) values ('heroi');
insert into tb_faccao(nome) values ('Vilao');

--faccao heroi
insert into tb_faccao_heroi(nome, MULT_honra ) values (1, 'Soldados do amanhã', '2');
insert into tb_faccao_heroi(nome, MULT_honra ) values (1, 'Cavaleiros da noite', '2');
insert into tb_faccao_heroi(nome, MULT_honra ) values (1, 'Guerreiros de Diana', '2');

--faccao vilao
insert into tb_faccao_vilao(nome, MULT_honra ) values (2, 'Trupe do coringa', '-2');
insert into tb_faccao_vilao(nome, MULT_honra ) values (2, 'Capangas de Lex Luthor', '-2');
 
 -classe 
insert into tb_classe(nome) values ('Velocista');
insert into tb_classe(nome) values ('Magico');
insert into tb_classe(nome) values ('Combatente');
insert into tb_classe(nome) values ('Detetive');
insert into tb_classe(nome) values ('Brutamonte');

--type classe
insert into tb_classe_velocista(IND_Percepcao, IND_Velocidade, id_classe, nome) values (4, 7, 1, 'Velocista');
insert into tb_classe_magico(IND_Magia,,IND_Carisma, id_classe, nome) values (6, 3, 2, 'Magico');
insert into tb_classe_combatente(IND_Forca, IND_Velocidade, id_classe, nome) values (5, 5, 3, 'Combatente');
insert into tb_classe_detetive(IND_Furtividade, IND_Carisma, IND_percepcao, id_classe, nome) values (3, 3, 3, 4, 'Detetive');
insert into tb_classe_brutamonte(IND_Forca, IND_Velocidade, id_classe, nome) values (7, 4, 5, 'Brutamonte');

--personagem
insert into tb_personagem(experiencia, nivel, nome, QTD_PontosDeVida, MAX_PontoDeVida, sexo, QTD_PontosDeEstamina, MAX_PontosDeEstamina, QTD_Honra, QTD_Defesa, QTD_Ataque, id_poder, id_Local_Atual, id_ajudante, id_mentor, id_classe, id_faccao, id_raca) values (97, 4, 'Correia', 100, 150, 0, 123, 175, 80, 5, 4, 2, 17, 5, 1, 1, 1, 1);
insert into tb_personagem(experiencia, nivel, nome, QTD_PontosDeVida, MAX_PontoDeVida, sexo, QTD_PontosDeEstamina, MAX_PontosDeEstamina, QTD_Honra, QTD_Defesa, QTD_Ataque, id_poder, id_Local_Atual, id_ajudante, id_mentor, id_classe, id_faccao, id_raca) values (84, 3, 'Perillo', 89, 100, 0, 120, 145, 5, 3, 2, 1, 8, 5, 1, 2, 1, 2);
insert into tb_personagem(experiencia, nivel, nome, QTD_PontosDeVida, MAX_PontoDeVida, sexo, QTD_PontosDeEstamina, MAX_PontosDeEstamina, QTD_Honra, QTD_Defesa, QTD_Ataque, id_poder, id_Local_Atual, id_ajudante, id_mentor, id_classe, id_faccao, id_raca) values (66, 2, 'Gabgordon', 89, 100, 0, 120, 145,  5, 3, 2, 1, 7, 4, 2, 3, 2, 3);

--inventario
insert into tb_inventario (capacidade, qtd_atual,qtd_dinheiro, id_personagem)
values (99,1,50,1), (98,2,50,1), (97,3,51,1), (99,1,32,2), (98,2,36,2);
